id,parent,base_TransformedCentroid_x,slot_Centroid_x,base_TransformedCentroid_y,slot_Centroid_y,base_PsfFlux_instFlux,base_PsfFlux_instFluxErr,base_PsfFlux_area,base_PsfFlux_chi2,base_PsfFlux_npixels,base_PsfFlux_flag,base_PsfFlux_flag_noGoodPixels,base_PsfFlux_flag_edge,base_InvalidPsf_flag,scienceFlux,scienceFluxErr,mjd,date,band,detector,visit,scienceMag,scienceMagErr
1,0,1613.405706889744,1613.405706889744,2603.9615743226186,2603.9615743226186,132683.26440001413,640.6301368833541,107.81481,10822491.0,1681,False,False,False,False,132683.26440001413,642.0386792286475,56423.15801922868,2013-05-11 03:47:32.861358,i,21,205419,18.592959630236813,0.00525374953688251
1,0,1610.4336649306617,1610.4336649306617,2550.904785229301,2550.904785229301,40452.97056443291,379.1721664462974,131.3903,1581365.0,1681,False,False,False,False,40452.97056443291,379.2016199758547,56423.16100061727,2013-05-11 03:51:50.453332,g,21,205421,19.88262395383307,0.010177569705417519
1,0,1561.869736637956,1561.869736637956,2611.320288226072,2611.320288226072,101703.19129800731,507.8394678962234,81.4854,8885221.0,1681,False,False,False,False,101703.19129800731,508.2010512866904,56423.306613221284,2013-05-11 07:21:31.382319,i,21,205490,18.881663548337933,0.005425319241569498
1,0,1554.784919059271,1554.784919059271,2680.4335407415974,2680.4335407415974,33710.43190821958,325.8575261303449,108.997116,1856500.0,1681,False,False,False,False,33710.43190821958,325.87178242959794,56423.30961464511,2013-05-11 07:25:50.705338,g,21,205492,20.080589207828773,0.010495587634598335
1,0,1570.156165870968,1570.156165870968,2690.405863013824,2690.405863013824,83015.86979070985,481.899526171706,73.079605,8761560.0,1681,False,False,False,False,83015.86979070985,482.1270455573018,56423.38788261537,2013-05-11 09:18:33.057968,i,21,205532,19.10209719364657,0.006305574945782407
1,0,1576.8150468812828,1576.8150468812828,2732.827882760401,2732.827882760401,21835.468319066375,262.42180447317634,79.981705,1994036.9,1681,False,False,False,False,21835.468319066375,262.4270326200135,56423.39086791238,2013-05-11 09:22:50.987629,g,21,205534,20.552093722637434,0.013048794111459388
1,0,1608.3501388611594,1608.3501388611594,2601.080529216237,2601.080529216237,68516.14532049003,576.7867143800422,62.48591,7423312.5,1681,False,False,False,False,68516.14532049003,576.8267016991701,56424.21107603574,2013-05-12 05:03:56.969488,i,21,205705,19.310517695451765,0.009140643142963189
1,0,1598.9503713271372,1598.9503713271372,2638.592963482135,2638.592963482135,27234.05441754988,355.04705028974865,82.645004,1357778.0,1681,False,False,False,False,27234.05441754988,355.0610855460485,56424.21404896289,2013-05-12 05:08:13.830393,g,21,205707,20.312219247724816,0.014155170198589553
1,0,1551.1603833132408,1551.1603833132408,2708.0670538729682,2708.0670538729682,19630.04910670129,302.0569389994941,73.7595,1660301.2,1681,False,False,False,False,19630.04910670129,302.0637382060572,56424.304068709695,2013-05-12 07:17:51.536518,g,21,205738,20.667696534909467,0.016707117487695867
1,0,1628.881217669693,1628.881217669693,2635.783065208008,2635.783065208008,22372.149605503455,243.03500639550055,73.0184,2039017.4,1681,False,False,False,False,22372.149605503455,243.04064289222094,56424.38339765392,2013-05-12 09:12:05.557298,g,21,205770,20.525730712874562,0.011794933873983343
1,0,1739.3461415890488,1739.3461415890488,2558.0583822311887,2558.0583822311887,18615.183616751325,207.10367366014896,53.856384,2268353.5,1681,False,False,False,False,18615.183616751325,207.10878656319002,56450.104735657085,2013-06-07 02:30:49.160772,g,21,209474,20.72533168905869,0.012079682506748348
1,0,1684.2626097507207,1684.2626097507207,2601.0600639533523,2601.0600639533523,18432.06382007256,198.64154407918215,55.322186,2437119.2,1681,False,False,False,False,18432.06382007256,198.64584161124446,56450.22411307968,2013-06-07 05:22:43.370085,g,21,209536,20.73606508632995,0.011701184645807506
1,0,1691.5663917008628,1691.5663917008628,2645.5454173345465,2645.5454173345465,15093.27763782751,203.0886755961269,52.04037,2195361.2,1681,False,False,False,False,15093.27763782751,203.09186213661354,56450.32878839586,2013-06-07 07:53:27.317402,g,21,209584,20.953041097802153,0.014609430297686278
1,0,1700.7845891796185,1700.7845891796185,2537.998373558984,2537.998373558984,96667.23673933871,485.8424616661674,69.476234,7673260.5,1681,False,False,False,False,96667.23673933871,486.1300023029177,56451.105774657306,2013-06-08 02:32:18.930391,i,21,209784,18.936801739154717,0.005460060321602622
1,0,1700.6730281769956,1700.6730281769956,2581.436544703907,2581.436544703907,22747.36233229948,274.90987469227963,81.98602,2017252.6,1681,False,False,False,False,22747.36233229948,274.915961121641,56451.108752463464,2013-06-08 02:36:36.212843,g,21,209786,20.507672386631395,0.013121794425888966
1,0,1668.0474425260559,1668.0474425260559,2585.0678817869843,2585.0678817869843,21532.870487034554,224.4377922647486,63.909035,2244615.8,1681,False,False,False,False,21532.870487034554,224.44309229051296,56451.19129029015,2013-06-08 04:35:27.481069,g,21,209828,20.567245179321567,0.011316930148927852
1,0,1679.1886793559581,1679.1886793559581,2647.6296091557765,2647.6296091557765,19428.704914304566,220.21405199390645,63.81624,2270895.8,1681,False,False,False,False,19428.704914304566,220.21869197276166,56451.29002124847,2013-06-08 06:57:37.835868,g,21,209882,20.678890369488272,0.0123065025638053
1,0,1730.7102441500467,1730.7102441500467,2666.0798841493875,2666.0798841493875,19426.041646506863,270.4408645523301,76.80976,1860894.2,1681,False,False,False,False,19426.041646506863,270.44619970943387,56452.04643471974,2013-06-09 01:06:51.959786,g,21,210110,20.679039211343202,0.015115443269760526
1,0,1722.6895141408252,1722.6895141408252,2590.2481191882152,2590.2481191882152,17028.096281291084,203.7952311523142,55.412785,2463533.0,1681,False,False,False,False,17028.096281291084,203.7993535349382,56452.140646989785,2013-06-09 03:22:31.899917,g,21,210165,20.82208475718463,0.012994543428926808
1,0,1680.2700839052566,1680.2700839052566,2617.218460403077,2617.218460403077,16442.17656953389,193.1890295290865,53.258976,2473998.8,1681,False,False,False,False,16442.17656953389,193.1926358228318,56452.22939245176,2013-06-09 05:30:19.507832,g,21,210218,20.860101730741583,0.012757206341778573
1,0,1681.8383132641375,1681.8383132641375,2673.8359057617254,2673.8359057617254,18027.8971068122,233.474986039329,62.33136,2088034.0,1681,False,False,False,False,18027.8971068122,233.47923141179643,56452.316673620924,2013-06-09 07:36:00.600848,g,21,210271,20.760137323262025,0.014061365732284994
1,0,1680.844222502465,1680.844222502465,2675.8603235672813,2675.8603235672813,33148.948386372555,350.29617339419417,112.26087,1637340.8,1681,False,False,False,False,33148.948386372555,350.31115312058915,56452.385934780585,2013-06-09 09:15:44.765043,g,21,210307,20.098825611378768,0.011473833119543286
1,0,1735.3909248957111,1735.3909248957111,2539.9466698735564,2539.9466698735564,95619.66749610602,444.55985950089763,70.72494,8864839.0,1681,False,False,False,False,95619.66749610602,445.0144411617051,56453.11086645015,2013-06-10 02:39:38.861293,i,21,210506,18.94863192708837,0.005053022072359183
1,0,1731.1064682436631,1731.1064682436631,2559.1054217296196,2559.1054217296196,17544.155321790753,1668.5231894774017,105.9285,162124.94,1681,False,False,False,False,17544.155321790753,1668.697559030711,56453.11387955057,2013-06-10 02:43:59.193169,g,21,210508,20.789668841051757,0.10326888478813523
1,0,1692.0458646737547,1692.0458646737547,2576.1768229619624,2576.1768229619624,10937.59338271085,1359.9735770042269,66.65317,200266.8,1681,False,False,False,False,10937.59338271085,1360.0657404804463,56453.19926879747,2013-06-10 04:46:56.824101,g,21,210555,21.302695565113122,0.1350089149981553
1,0,1676.8392526525965,1676.8392526525965,2608.52866241988,2608.52866241988,73153.75821263305,1068.604309515469,52.746048,3752544.5,1681,False,False,False,False,73153.75821263305,1068.7883983584618,56453.26654738872,2013-06-10 06:23:49.694385,i,21,210595,19.23940839363198,0.015862783918090494
1,0,1675.8864533418443,1675.8864533418443,2609.0235222398096,2609.0235222398096,19487.43588991547,582.0434696879058,61.40073,695300.9,1681,False,False,False,False,19487.43588991547,582.0852007308963,56453.26952387935,2013-06-10 06:28:06.863176,g,21,210597,20.675613251374557,0.032430689201881385
1,0,1665.9401165845484,1665.9401165845484,2645.1413243773013,2645.1413243773013,46062.30514186822,11301.319489702677,46.295616,217909.19,1681,False,False,False,False,46062.30514186822,11310.951343176055,56453.33885198265,2013-06-10 08:07:56.811301,i,21,210631,19.7416358299903,0.26661082952145426
1,0,1679.0046726091352,1679.0046726091352,2607.0617433882626,2607.0617433882626,16908.31687761018,1548.7147763182395,89.13094,194365.69,1681,False,False,False,False,16908.31687761018,1548.849431546922,56453.410723695386,2013-06-10 09:51:26.527281,g,21,210669,20.829749054208918,0.09945649325843627
1,0,1742.0058758860512,1742.0058758860512,2650.4994680388763,2650.4994680388763,95269.42643171884,1632.69347401852,83.46486,3950377.2,1681,False,False,False,False,95269.42643171884,1632.8727306720348,56465.02112105228,2013-06-22 00:30:24.858917,i,21,216042,18.95261612359634,0.018609002991358856
1,0,1730.8808624601909,1730.8808624601909,2595.8442884067126,2595.8442884067126,120371.27499646612,1702.275015594736,95.70665,3597189.5,1681,False,False,False,False,120371.27499646612,1702.5228187896869,56465.02180582924,2013-06-22 00:31:24.023646,i,21,216043,18.698692848287646,0.01535657625825676
1,0,1620.121102754146,1620.121102754146,2613.070935384807,2613.070935384807,119872.95906792331,1685.100739800599,95.080414,3730957.2,1681,False,False,False,False,119872.95906792331,1685.3450303729705,56465.02312054129,2013-06-22 00:33:17.614768,i,21,216044,18.703196934914704,0.015264828124817421
1,0,1607.9355686370332,1607.9355686370332,2602.2354138244095,2602.2354138244095,83098.14094484207,1623.3279897527732,86.75338,3874755.0,1681,False,False,False,False,83098.14094484207,1623.4535207213114,56465.02384383953,2013-06-22 00:34:20.107736,i,21,216045,19.101021730143444,0.02121157277584785
1,0,1607.0224792793529,1607.0224792793529,2545.4801678427143,2545.4801678427143,128030.98716550918,1014.776171964886,101.30135,5810791.0,1681,False,False,False,False,128030.98716550918,1014.992315833263,56465.025553162755,2013-06-22 00:36:47.793262,i,21,216046,18.631712264819736,0.008607399890050585
1,0,1593.7079088006453,1593.7079088006453,2560.660747024182,2560.660747024182,85777.13784274849,878.4742046677961,80.16931,5282660.0,1681,False,False,False,False,85777.13784274849,878.5434536521285,56465.046634068,2013-06-22 01:07:09.183475,i,21,216058,19.066571122796528,0.011120287515678636
1,0,1600.4540145720696,1600.4540145720696,2537.9284276218455,2537.9284276218455,97087.88073984024,819.720431233223,86.54532,6024411.0,1681,False,False,False,False,97087.88073984024,819.8081349476375,56465.06635792333,2013-06-22 01:35:33.324576,i,21,216070,18.93208744676199,0.009167934929520359
1,0,1601.725466877095,1601.725466877095,2521.9787160448413,2521.9787160448413,81459.25145836166,693.914530033468,59.83129,4381307.0,1681,False,False,False,False,81459.25145836166,694.0579558354262,56465.08615481768,2013-06-22 02:04:03.776248,i,21,216082,19.122648962576825,0.009250807457224541
1,0,1597.4813457536825,1597.4813457536825,2522.2437254835772,2522.2437254835772,67462.12487939303,801.0488148747361,64.76579,4504057.0,1681,False,False,False,False,67462.12487939303,801.1090499506782,56465.10662648738,2013-06-22 02:33:32.528510,i,21,216094,19.32734995949535,0.012893058157385834
1,0,1599.5787821898527,1599.5787821898527,2520.4108168229227,2520.4108168229227,76549.8740477035,842.1780513344747,70.179276,4381853.5,1681,False,False,False,False,76549.8740477035,842.2480789873456,56465.12584083817,2013-06-22 03:01:12.648418,i,21,216106,19.190138798842526,0.011945927333266194
1,0,1590.7728948963309,1590.7728948963309,2527.274779885169,2527.274779885169,66745.82244468654,870.2877620406828,66.00925,4232957.0,1681,False,False,False,False,66745.82244468654,870.34645106016,56465.145140583576,2013-06-22 03:29:00.146421,i,21,216118,19.338939777942045,0.014157689844662202
1,0,1580.3453591412729,1580.3453591412729,2517.608501361461,2517.608501361461,76453.18505581588,1026.747818884897,66.39634,3276965.8,1681,False,False,False,False,76453.18505581588,1026.8871579385163,56465.16453725402,2013-06-22 03:56:56.018748,i,21,216130,19.19151104268763,0.01458315392303218
1,0,1561.5451718477082,1561.5451718477082,2561.567697535552,2561.567697535552,97818.87762668837,623.2317483443053,76.015656,7013866.5,1681,False,False,False,False,97818.87762668837,623.3882140449001,56465.18445828489,2013-06-22 04:25:37.195815,i,21,216142,18.92394331144714,0.006919269266113459
1,0,1847.725624551657,1847.725624551657,2685.638659465865,2685.638659465865,226020.98086246927,1909.6791206445926,162.2099,5197884.0,1681,False,False,False,False,226020.98086246927,1912.119104664483,56467.02654142221,2013-06-24 00:38:13.178879,i,21,216988,18.014628111756842,0.009185239935788
1,0,1685.0789134665981,1685.0789134665981,2567.2735288050458,2567.2735288050458,137626.8727084697,1323.3326400458477,97.71612,4228982.0,1681,False,False,False,False,137626.8727084697,1323.5874458202345,56467.08414947204,2013-06-24 02:01:10.514384,i,21,217027,18.553241896182698,0.010441760259527639
1,0,1688.3381767890712,1688.3381767890712,2566.091250394801,2566.091250394801,127309.20560040345,1221.090739962748,103.68066,5164996.0,1681,False,False,False,False,127309.20560040345,1221.2906164940393,56467.09975546534,2013-06-24 02:23:38.872205,i,21,217037,18.637850479536112,0.010415581753145055
1,0,1684.2654388549413,1684.2654388549413,2571.8491822392307,2571.8491822392307,143747.86449801203,1233.734987360116,97.7473,4304647.5,1681,False,False,False,False,143747.86449801203,1233.9366865478755,56467.11551721866,2013-06-24 02:46:20.687692,i,21,217047,18.50599649605006,0.009319997480608414
1,0,1678.1566286965533,1678.1566286965533,2577.219806688723,2577.219806688723,101998.32475649264,1079.9746679791829,83.29211,4093452.2,1681,False,False,False,False,101998.32475649264,1080.092575327435,56467.131680473554,2013-06-24 03:09:37.192915,i,21,217057,18.878517402825246,0.011497204648440035
1,0,1673.0351381606642,1673.0351381606642,2581.0007935949056,2581.0007935949056,115369.08969904126,1147.795083870977,104.75183,5006343.0,1681,False,False,False,False,115369.08969904126,1147.947746732306,56467.14757101791,2013-06-24 03:32:30.135947,i,21,217067,18.744776335214965,0.010803313374918116
1,0,1714.484253398809,1714.484253398809,2587.2442584158275,2587.2442584158275,180931.86335787232,1341.9144599465697,130.12466,5682382.0,1681,False,False,False,False,180931.86335787232,1342.3161439632565,56467.16443384562,2013-06-24 03:56:47.084261,i,21,217077,18.256212360325087,0.008054972787460774
1,0,1720.0943805419593,1720.0943805419593,2620.2456245799885,2620.2456245799885,147161.0433031918,1180.2341610841245,104.072975,4939030.5,1681,False,False,False,False,147161.0433031918,1180.4988471812678,56467.181014518086,2013-06-24 04:20:39.654363,i,21,217087,18.480517854711458,0.00870957632054337
1,0,1649.0175104810785,1649.0175104810785,2535.896719312648,2535.896719312648,24620.14760514289,279.97307819314517,85.257515,1908786.9,1681,False,False,False,False,24620.14760514289,279.9804339449959,56508.98064513873,2013-08-04 23:32:07.739986,g,21,223465,20.421773369179206,0.012346997208679397
1,0,1613.168751848359,1613.168751848359,2559.475261192228,2559.475261192228,21541.680651197566,235.06644321682236,65.62026,2196500.2,1681,False,False,False,False,21541.680651197566,235.07229038252677,56509.04625298883,2013-08-05 01:06:36.258235,g,21,223501,20.566801041700522,0.011848030826208387
1,0,1592.7315413522665,1592.7315413522665,2567.1433072857076,2567.1433072857076,18539.007959859842,213.80867951542237,59.019665,2316599.5,1681,False,False,False,False,18539.007959859842,213.8133187579334,56509.11798968899,2013-08-05 02:49:54.309129,g,21,223538,20.729783772712587,0.01252196782792329
1,0,1624.375029799159,1624.375029799159,2626.1647428201495,2626.1647428201495,35066.14638871899,324.7404483807827,107.564224,1805166.6,1681,False,False,False,False,35066.14638871899,324.755726893544,56509.18257059134,2013-08-05 04:22:54.099092,g,21,223574,20.037779896250907,0.010055255187786974
1,0,1670.7776727823182,1670.7776727823182,2555.4400255960004,2555.4400255960004,24449.163993379694,289.96383139529104,83.96634,1934921.6,1681,False,False,False,False,24449.163993379694,289.97145183435447,56509.97939865834,2013-08-05 23:30:20.044080,g,21,223797,20.42933996602057,0.012877025312116461
1,0,1604.2108491436384,1604.2108491436384,2543.186593661,2543.186593661,22532.76090889722,237.99274996705273,71.92564,2098831.2,1681,False,False,False,False,22532.76090889722,237.9987083018184,56510.043642861194,2013-08-06 01:02:50.743207,g,21,223833,20.51796397874221,0.011467916219131444
1,0,1604.5214609477814,1604.5214609477814,2551.713936862207,2551.713936862207,22874.804432600034,243.92690669503108,74.65847,2079299.1,1681,False,False,False,False,22874.804432600034,243.93254361088347,56510.10956474344,2013-08-06 02:37:46.393833,g,21,223869,20.501606525580634,0.011578083427879785
1,0,1645.4174906353037,1645.4174906353037,2603.780268770882,2603.780268770882,26395.5115973412,297.2751831679857,89.63279,1763418.1,1681,False,False,False,False,26395.5115973412,297.28451026991587,56510.1750317238,2013-08-06 04:12:02.740936,g,21,223905,20.346174790233604,0.012228312178133735
1,0,1680.8466340821656,1680.8466340821656,2632.8412095094614,2632.8412095094614,43417.7567544331,2285.0364326438075,51.584415,804316.2,1681,False,False,False,False,43417.7567544331,2286.5389177628563,57114.2286756972,2015-04-02 05:29:17.580238,i,21,427316,19.80583154699547,0.05717886579550483
1,0,1667.7899032728265,1667.7899032728265,2622.284888765964,2622.284888765964,7221.514918810684,3426.535860590827,61.012596,46249.523,1681,False,False,False,False,7221.514918810684,3427.5337873337344,57114.22944721111,2015-04-02 05:30:24.239040,g,21,427318,21.75342921803354,0.5153208942692132
1,0,1660.0772679684076,1660.0772679684076,2632.11015161656,2632.11015161656,53344.013228303615,2399.021818772004,58.80503,773687.44,1681,False,False,False,False,53344.013228303615,2401.1783673440787,57114.235009653145,2015-04-02 05:38:24.834032,i,21,427331,19.582285785388198,0.04887233130266655
1,0,1643.2595040099459,1643.2595040099459,2605.184357136477,2605.184357136477,7000.209674395565,3963.66255452188,87.36387,37846.15,1681,False,False,False,False,7000.209674395565,3964.4625895380946,57114.23575694219,2015-04-02 05:39:29.399805,g,21,427333,21.7872223788682,0.6148902341617842
1,0,1667.3347793805372,1667.3347793805372,2620.706118473794,2620.706118473794,29149.991256440095,2150.5854661749972,48.62386,749767.0,1681,False,False,False,False,29149.991256440095,2151.295804574114,57114.2413062107,2015-04-02 05:47:28.856605,i,21,427346,20.23840392792969,0.08012831707640225
1,0,1675.91555216473,1675.91555216473,2620.9498990246634,2620.9498990246634,7780.065108011608,3423.9336715344393,68.75041,43008.035,1681,False,False,False,False,7780.065108011608,3424.9643906825727,57114.24206450241,2015-04-02 05:48:34.373008,g,21,427348,21.67254192142942,0.4779661593245741
1,0,1657.928640083786,1657.928640083786,2638.1736828792814,2638.1736828792814,34063.3823831334,2317.3510581260643,55.86648,799902.75,1681,False,False,False,False,34063.3823831334,2318.2421330913558,57114.249655876294,2015-04-02 05:59:30.267712,i,21,427366,20.0692805755051,0.07389164666569635
1,0,1696.8289618408937,1696.8289618408937,2620.4695225316186,2620.4695225316186,44600.62412908101,2275.6495778752096,57.547714,864322.94,1681,False,False,False,False,44600.62412908101,2277.0865685309514,57114.26262012875,2015-04-02 06:18:10.379124,i,21,427396,19.776647659614298,0.05543230340605211
1,0,1691.7722200152512,1691.7722200152512,2596.521470353926,2596.521470353926,6199.43412055903,2873.769777742968,59.860172,49828.297,1681,False,False,False,False,6199.43412055903,2874.4073804194995,57114.26337469851,2015-04-02 06:19:15.573951,g,21,427398,21.919119876873157,0.5034085530154813
1,0,1683.5855870985708,1683.5855870985708,2621.879795770548,2621.879795770548,37389.50175875158,2029.1278090333053,46.22818,819013.06,1681,False,False,False,False,37389.50175875158,2030.3104138039391,57114.27571106197,2015-04-02 06:37:01.435754,i,21,427426,19.968125805211972,0.05895723182907692
1,0,1674.5592831315046,1674.5592831315046,2614.0502957443327,2614.0502957443327,7052.579823029618,2619.7320566260155,54.42436,58380.695,1681,False,False,False,False,7052.579823029618,2620.585963294829,57114.27644971322,2015-04-02 06:38:05.255222,g,21,427428,21.779129974202274,0.4034360658689996
1,0,1703.2241231597443,1703.2241231597443,2615.7775837328663,2615.7775837328663,37587.9317517555,1936.4330725854206,46.949234,830020.6,1681,False,False,False,False,37587.9317517555,1937.6238816272398,57114.28879865543,2015-04-02 06:55:52.203829,i,21,427456,19.962378925906442,0.055968719252248327
1,0,1679.5936744895544,1679.5936744895544,2597.598679106998,2597.598679106998,7330.410081257538,2689.855621846974,61.102627,52864.242,1681,False,False,False,False,7330.410081257538,2690.7227946897265,57114.289542306164,2015-04-02 06:56:56.455253,g,21,427458,21.73717932293141,0.3985336594786304
1,0,1686.6463375575024,1686.6463375575024,2603.503873443539,2603.503873443539,53448.25968999362,1977.5628942090677,48.642357,827088.6,1681,False,False,False,False,53448.25968999362,1979.8446918032155,57114.30204120869,2015-04-02 07:14:56.360431,i,21,427486,19.580166077837596,0.04021813009734701
1,0,1690.0264341223872,1690.0264341223872,2601.548746721355,2601.548746721355,8864.42554557583,2509.583998010529,58.80082,55329.805,1681,False,False,False,False,8864.42554557583,2510.772169263854,57114.30281368823,2015-04-02 07:16:03.102663,g,21,427488,21.530873508440266,0.30752542644226016
1,0,1705.972114587646,1705.972114587646,2583.1756998056294,2583.1756998056294,48078.07088395245,1964.9096369390193,48.859497,910162.56,1681,False,False,False,False,48078.07088395245,1966.8069168893458,57114.31496501439,2015-04-02 07:33:32.977243,i,21,427516,19.695132416430848,0.04441595592697216
1,0,1695.012458587668,1695.012458587668,2593.110704710439,2593.110704710439,11414.86601449817,2338.4334677753172,56.49731,64079.71,1681,False,False,False,False,11414.86601449817,2340.519118912549,57114.31570817074,2015-04-02 07:34:37.185952,g,21,427518,21.256322954522314,0.2226207773358319
1,0,1686.032177007887,1686.032177007887,2597.090781524766,2597.090781524766,42295.01702710555,1786.446042385571,43.102177,926350.6,1681,False,False,False,False,42295.01702710555,1788.0743477374144,57114.32786845756,2015-04-02 07:52:07.834733,i,21,427546,19.834276989665614,0.0459008458347143
1,0,1682.8472789456366,1682.8472789456366,2614.854048786901,2614.854048786901,7219.477096066419,2061.3830469265126,47.575813,68712.52,1681,False,False,False,False,7219.477096066419,2062.256836228844,57114.328605804774,2015-04-02 07:53:11.541532,g,21,427548,21.753735642681473,0.31014253259749003
1,0,1677.6765213936435,1677.6765213936435,2610.2472534913823,2610.2472534913823,31392.894932562755,1837.000863374199,44.137913,927777.8,1681,False,False,False,False,31392.894932562755,1837.8343665406874,57114.34082866157,2015-04-02 08:10:47.596359,i,21,427576,20.157921583697792,0.06356225873365329
1,0,1664.2308296370882,1664.2308296370882,2609.483144909048,2609.483144909048,4774.855911646555,1867.1553605663994,44.77063,77269.305,1681,False,False,False,False,4774.855911646555,1867.556030153817,57114.341573190635,2015-04-02 08:11:51.923671,g,21,427578,22.202599323405284,0.42465641558032763
1,0,1651.5825348650776,1651.5825348650776,2595.639553582974,2595.639553582974,18951.27456266698,334.19182333067613,62.391907,1575650.4,1681,False,False,False,False,18951.27456266698,334.19809653153516,57114.374976590654,2015-04-02 08:59:57.977433,g,21,427628,20.705903940899564,0.019146520819256
1,0,1676.006072908878,1676.006072908878,2612.0102819159742,2612.0102819159742,49438.43929071343,1714.3850430601979,46.567627,935327.2,1681,False,False,False,False,49438.43929071343,1716.4318422251106,57114.404502380145,2015-04-02 09:42:29.005644,i,21,427651,19.664838119582164,0.03769520682368213
1,0,1679.4688285290154,1679.4688285290154,2621.157388171757,2621.157388171757,7825.116144309801,1456.5291585647633,63.017586,84348.164,1681,False,False,False,False,7825.116144309801,1457.599183623479,57114.40526545591,2015-04-02 09:43:34.935391,g,21,427653,21.666273019291317,0.20224213628275686
1,0,1686.8395764105644,1686.8395764105644,2627.2620793531196,2627.2620793531196,39028.82522593015,2164.276432722274,44.834023,845473.8,1681,False,False,False,False,39028.82522593015,2165.6377223512195,57115.2242640951,2015-04-03 05:22:56.417817,i,21,427936,19.92153630214369,0.060245504904013286
1,0,1686.4675538357462,1686.4675538357462,2626.660158752635,2626.660158752635,8249.289423795397,3888.0692036259734,63.0353,40489.426,1681,False,False,False,False,8249.289423795397,3889.4218766405406,57115.22502376334,2015-04-03 05:24:02.053153,g,21,427938,21.608958647599515,0.51190907847964
1,0,1689.2933553963746,1689.2933553963746,2629.885004793744,2629.885004793744,63161.19907762473,2301.1843119961172,50.62577,821293.75,1681,False,False,False,False,63161.19907762473,2304.419985706587,57115.23058885444,2015-04-03 05:32:02.877024,i,21,427951,19.398874084410597,0.03961280415805468
1,0,1684.3202030222214,1684.3202030222214,2604.6384498142265,2604.6384498142265,14029.638814909606,3475.8788679206964,55.00529,41664.125,1681,False,False,False,False,14029.638814909606,3479.8476822606945,57115.23134133672,2015-04-03 05:33:07.891493,g,21,427953,21.032383773731812,0.26930106081269367
1,0,1687.4337686641045,1687.4337686641045,2598.279030451638,2598.279030451638,51542.502548520315,2332.906673767275,53.591923,804430.6,1681,False,False,False,False,51542.502548520315,2334.99402440802,57115.24108485134,2015-04-03 05:47:09.731156,i,21,427976,19.619586247319408,0.049186349611316155
1,0,1684.6772696349765,1684.6772696349765,2613.0244082232502,2613.0244082232502,6582.575115185633,3936.167600882799,75.82731,39195.06,1681,False,False,False,False,6582.575115185633,3936.8471775055873,57115.24182083024,2015-04-03 05:48:13.319733,g,21,427978,21.854010440913832,0.6493473205276336
1,0,1688.91853091352,1688.91853091352,2608.1212418050527,2608.1212418050527,54747.2511495932,2374.865216922973,58.85548,816186.4,1681,False,False,False,False,54747.2511495932,2377.0048844409034,57115.251570716224,2015-04-03 06:02:15.709882,i,21,428001,19.554094204485967,0.047140271113750326
1,0,1681.6385143814484,1681.6385143814484,2605.8678168835872,2605.8678168835872,12779.572040302814,3730.4129852719825,73.62811,39181.508,1681,False,False,False,False,12779.572040302814,3732.8607059867218,57115.25233217557,2015-04-03 06:03:21.499969,g,21,428003,21.133709223747438,0.31713910317396987
1,0,1683.8017235186217,1683.8017235186217,2620.2493683373777,2620.2493683373777,47026.03882062223,2003.2472987230844,45.353817,890992.4,1681,False,False,False,False,47026.03882062223,2005.169991095445,57115.26445524146,2015-04-03 06:20:48.932862,i,21,428031,19.719154004910152,0.046295322987573176
1,0,1683.7368263976964,1683.7368263976964,2602.70842146195,2602.70842146195,3415.5829247441593,3002.599765394925,54.036865,49563.305,1681,False,False,False,False,3415.5829247441593,3002.795627350854,57115.2652127927,2015-04-03 06:21:54.385289,g,21,428033,22.566337915610948,0.9545205020453215
1,0,1674.7438014036445,1674.7438014036445,2583.9867784162734,2583.9867784162734,64627.74665717789,2023.5751680678452,49.625755,885553.3,1681,False,False,False,False,64627.74665717789,2026.9738587419276,57115.27823722683,2015-04-03 06:40:39.696398,i,21,428061,19.37395246534625,0.03405284909914113
1,0,1696.3194762797882,1696.3194762797882,2586.564510845464,2586.564510845464,4967.5489738698825,2738.7816682775247,49.40231,51866.777,1681,False,False,False,False,4967.5489738698825,2739.2189815977763,57115.27897995137,2015-04-03 06:41:43.867798,g,21,428063,22.15964460648064,0.5986995270153322
1,0,1684.1305769123126,1684.1305769123126,2613.7763524706506,2613.7763524706506,55582.59956728194,2115.47884620119,52.48673,786822.25,1681,False,False,False,False,55582.59956728194,2117.9071874808615,57115.291191041746,2015-04-03 06:59:18.906007,i,21,428091,19.53765286343041,0.04137065429949775
1,0,1680.05474214034,1680.05474214034,2615.3910310499296,2615.3910310499296,5506.687928451045,2839.2915220378763,55.50124,55587.117,1681,False,False,False,False,5506.687928451045,2839.76254590742,57115.2919629043,2015-04-03 07:00:25.594932,g,21,428093,22.047773837211516,0.5599069802154334
1,0,1672.4605420747098,1672.4605420747098,2604.7482656389357,2604.7482656389357,60413.288718888405,1935.515353701436,46.617493,862759.56,1681,False,False,False,False,60413.288718888405,1938.6351946247803,57115.30428015601,2015-04-03 07:18:09.805479,i,21,428121,19.447168804833357,0.03484078525200962
1,0,1663.4477560113644,1663.4477560113644,2615.62970770725,2615.62970770725,5048.918078315418,2843.4065611856777,60.07758,47420.984,1681,False,False,False,False,5048.918078315418,2843.808347646388,57115.30504001881,2015-04-03 07:19:15.457625,g,21,428123,22.142004189831,0.6115420441646914
1,0,1660.426926499019,1660.426926499019,2606.9257602863017,2606.9257602863017,37932.85148976995,1767.7314667322717,40.65808,881570.75,1681,False,False,False,False,37932.85148976995,1769.0339776015915,57115.31722227625,2015-04-03 07:36:48.004668,i,21,428151,19.9524612731715,0.050634322532998106
1,0,1665.8499229883516,1665.8499229883516,2603.6198723791,2603.6198723791,3758.7645986127504,2195.798614074117,38.631012,64340.445,1681,False,False,False,False,3758.7645986127504,2196.06587318086,57115.3179979276,2015-04-03 07:37:55.020945,g,21,428153,22.462387180344862,0.6343435892277551
1,0,1672.8165295091915,1672.8165295091915,2610.7715686202973,2610.7715686202973,30276.360704258674,1763.3195988054097,40.873287,880522.44,1681,False,False,False,False,30276.360704258674,1764.1731667098877,57115.33041657388,2015-04-03 07:55:47.991983,i,21,428181,20.197240823346547,0.06326475950229712
1,0,1665.0015167932006,1665.0015167932006,2602.1785338848354,2602.1785338848354,4838.017801439677,2141.3204547614273,39.090282,70624.52,1681,False,False,False,False,4838.017801439677,2141.7598321990663,57115.33119427574,2015-04-03 07:56:55.185424,g,21,428183,22.188331344972138,0.4806485397848771
1,0,1675.2349611845877,1675.2349611845877,2610.0103560630696,2610.0103560630696,48219.92788231441,1698.2368854642546,38.157696,938726.25,1681,False,False,False,False,48219.92788231441,1700.5194256293178,57115.343384273576,2015-04-03 08:14:28.401237,i,21,428211,19.691933608721396,0.03828947052360527
1,0,1664.584432134266,1664.584432134266,2613.859547852613,2613.859547852613,4025.747599343918,2084.3925237842136,39.707264,67082.08,1681,False,False,False,False,4025.747599343918,2084.6925714285867,57115.34415585417,2015-04-03 08:15:35.065800,g,21,428213,22.387883643444773,0.5622374837804569
1,0,1674.4415438415965,1674.4415438415965,2608.725950719506,2608.725950719506,47381.96805765735,1687.6658657642256,38.336674,892652.3,1681,False,False,False,False,47381.96805765735,1689.791301675234,57115.35626597103,2015-04-03 08:33:01.379897,i,21,428241,19.71096726095221,0.038720797592907696
1,0,1661.928786386241,1661.928786386241,2610.1501982569926,2610.1501982569926,7568.65690002773,1792.533914597978,31.126925,81751.55,1681,False,False,False,False,7568.65690002773,1793.7769055242077,57115.357031298096,2015-04-03 08:34:07.504155,g,21,428243,21.70245295404325,0.25732022937642995
1,0,1664.691346817503,1664.691346817503,2601.9637927695544,2601.9637927695544,53631.152247959646,1679.5725656199597,39.19694,938794.2,1681,False,False,False,False,53631.152247959646,1682.2771440836389,57115.36908445532,2015-04-03 08:51:28.896940,i,21,428271,19.57645718065055,0.034056870404797296
1,0,1669.6539915532328,1669.6539915532328,2622.5806379347728,2622.5806379347728,9220.67116772703,1755.1277806670357,32.372677,78067.47,1681,False,False,False,False,9220.67116772703,1756.7895049510032,57115.369856637946,2015-04-03 08:52:35.613519,g,21,428273,21.488093664331345,0.20686237855878414
1,0,1657.9214980487163,1657.9214980487163,2604.3075623435275,2604.3075623435275,38226.11519480347,1879.1106220933086,48.16282,938435.75,1681,False,False,False,False,38226.11519480347,1880.2938538519008,57115.38244142931,2015-04-03 09:10:42.939493,i,21,428291,19.944099589453288,0.05340597919269405
1,0,1657.2881953623842,1657.2881953623842,2607.915898030628,2607.915898030628,11000.699215839368,2150.908513944506,53.90194,65601.375,1681,False,False,False,False,11000.699215839368,2152.7446224568153,57115.38320994102,2015-04-03 09:11:49.338904,g,21,428293,21.296449274393105,0.2124694740161928
1,0,1652.4987428057314,1652.4987428057314,2618.612818780085,2618.612818780085,35636.27599259542,1566.2347191932936,35.03928,943497.56,1681,False,False,False,False,35636.27599259542,1567.5411195361562,57115.41020448954,2015-04-03 09:50:41.667896,i,21,428334,20.02026921559804,0.0477585297150894
1,0,1656.784705673869,1656.784705673869,2626.2095938236153,2626.2095938236153,6641.889618208656,1369.3049122679718,32.97348,95500.664,1681,False,False,False,False,6641.889618208656,1370.2788484948098,57115.41091825589,2015-04-03 09:51:43.337309,g,21,428336,21.84427086558137,0.22399670002741626
1,0,1697.650445336247,1697.650445336247,2646.8445714920713,2646.8445714920713,64797.93732431702,3127.4075915718063,70.65039,701683.1,1681,False,False,False,False,64797.93732431702,3130.035611356723,57116.221648888866,2015-04-04 05:19:10.463998,i,21,428622,19.371097046393146,0.05244600562550483
1,0,1688.4901501605145,1688.4901501605145,2615.6516630537844,2615.6516630537844,64644.92998281664,3121.654455263644,72.56884,663456.7,1681,False,False,False,False,64644.92998281664,3124.1907936095363,57116.22796781182,2015-04-04 05:28:16.418941,i,21,428637,19.37366382648831,0.052471973534437284
1,0,1696.348914481258,1696.348914481258,2617.248794222183,2617.248794222183,7144.080238846311,5092.641825268662,81.34363,29096.193,1681,False,False,False,False,7144.080238846311,5093.455454565588,57116.22872954022,2015-04-04 05:29:22.232275,g,21,428639,21.765134190767522,0.7740883094053396
1,0,1688.3319923362153,1688.3319923362153,2658.443805843629,2658.443805843629,53467.0625735443,2957.101247555991,67.927826,770446.56,1681,False,False,False,False,53467.0625735443,2958.933994553087,57116.2362296279,2015-04-04 05:40:10.239851,i,21,428657,19.57978418736197,0.06008599707449604
1,0,1697.6096277630932,1697.6096277630932,2630.254070902752,2630.254070902752,48059.5926870028,2783.9391560383706,64.322136,784744.3,1681,False,False,False,False,48059.5926870028,2785.671934664897,57116.24676156329,2015-04-04 05:55:20.199068,i,21,428682,19.69554978558522,0.06293238675038221
1,0,1686.3096889616054,1686.3096889616054,2625.8254610503845,2625.8254610503845,10561.434373233551,5013.633475316874,88.00928,29141.908,1681,False,False,False,False,10561.434373233551,5015.25632825568,57116.247502825245,2015-04-04 05:56:24.244101,g,21,428684,21.34069273810473,0.5155782045599517
1,0,1687.9479956128594,1687.9479956128594,2611.3725016668195,2611.3725016668195,43624.93987727395,2760.9764540483147,67.07199,771236.4,1681,False,False,False,False,43624.93987727395,2762.1861295791896,57116.259654348265,2015-04-04 06:13:54.135690,i,21,428712,19.800662896413492,0.0687452061504654
1,0,1674.3203424381743,1674.3203424381743,2610.0398153043975,2610.0398153043975,40816.74370531512,2111.4679564128164,44.42526,873781.6,1681,False,False,False,False,40816.74370531512,2112.8545117980793,57116.2726640935,2015-04-04 06:32:38.177678,i,21,428742,19.87290411389691,0.056202490218420185
1,0,1658.6525183140752,1658.6525183140752,2610.3804414724727,2610.3804414724727,40768.906115601145,1941.6456376565409,40.42951,910791.3,1681,False,False,False,False,40768.906115601145,1943.1054633592116,57116.28553105395,2015-04-04 06:51:09.883062,i,21,428772,19.874177352736517,0.051747769372332816
1,0,1660.5225289183984,1660.5225289183984,2615.7485193397893,2615.7485193397893,7417.882573375308,3011.154429480719,45.45853,52099.2,1681,False,False,False,False,7417.882573375308,3012.0860922097954,57116.28630910447,2015-04-04 06:52:17.106626,g,21,428774,21.72430011481253,0.4408712176030756
1,0,1688.4922897973306,1688.4922897973306,2609.599818800525,2609.599818800525,34523.290690461276,1864.9328092485107,41.007233,871163.75,1681,False,False,False,False,34523.290690461276,1866.0076317428336,57116.29872747255,2015-04-04 07:10:10.053629,i,21,428802,20.054719537273584,0.05868478941661107
1,0,1680.6371848889046,1680.6371848889046,2624.4514621077933,2624.4514621077933,3982.50189457846,2793.9527377026566,42.670883,58594.297,1681,False,False,False,False,3982.50189457846,2794.223236012585,57116.29949653997,2015-04-04 07:11:16.501053,g,21,428804,22.399610022304344,0.7617797585094189
1,0,1668.0478040622897,1668.0478040622897,2595.8067856023554,2595.8067856023554,30304.87294411076,1786.2757530753518,36.425297,906444.4,1681,False,False,False,False,30304.87294411076,1787.1765402359147,57116.31171264576,2015-04-04 07:28:51.972594,i,21,428832,20.196218831171493,0.06402938159836735
1,0,1684.0175396605946,1684.0175396605946,2623.498326840673,2623.498326840673,45978.424556324106,2021.903342175298,47.787926,942744.4,1681,False,False,False,False,45978.424556324106,2023.585114217646,57116.3245974828,2015-04-04 07:47:25.222514,i,21,428862,19.743614784614266,0.047785013147291826
1,0,1690.284627275059,1690.284627275059,2636.4224982831897,2636.4224982831897,5587.6473318105,2671.8227226330946,43.140892,61086.906,1681,False,False,False,False,5587.6473318105,2672.334134900117,57116.325376528024,2015-04-04 07:48:32.532021,g,21,428864,22.031927531216574,0.5192614617880562
1,0,1672.4685880928953,1672.4685880928953,2613.2336201274593,2613.2336201274593,49796.9808662583,2113.3556111547405,53.800404,901059.2,1681,False,False,False,False,49796.9808662583,2115.126632504638,57116.33755876742,2015-04-04 08:06:05.077505,i,21,428892,19.65699246804405,0.046116642467264164
1,0,1665.46979013225,1665.46979013225,2605.3279028959764,2605.3279028959764,8333.018358311376,2801.9877573070626,49.0749,57746.625,1681,False,False,False,False,8333.018358311376,2803.028783402041,57116.338291406224,2015-04-04 08:07:08.377498,g,21,428894,21.597994153468818,0.365215784036199
1,0,1677.638325732031,1677.638325732031,2642.266324905854,2642.266324905854,56370.13163490388,1798.3450497468896,38.916016,971045.0,1681,False,False,False,False,56370.13163490388,1801.2578551396628,57116.35129752145,2015-04-04 08:25:52.105853,i,21,428922,19.522377377547468,0.034693743135046355
1,0,1666.7431766954512,1666.7431766954512,2617.6190678622697,2617.6190678622697,46102.14996399879,1816.1487700004063,39.83368,874728.1,1681,False,False,False,False,46102.14996399879,1818.0273727390838,57116.364196457405,2015-04-04 08:44:26.573920,i,21,428952,19.740697052267265,0.042815750271203074
1,0,1663.8162050275814,1663.8162050275814,2625.425535832712,2625.425535832712,7279.555689176048,2504.500980088601,42.81253,64938.938,1681,False,False,False,False,7279.555689176048,2505.3805317757174,57116.364960321676,2015-04-04 08:45:32.571793,g,21,428954,21.744737818073077,0.373674227685311
1,0,1675.628133221925,1675.628133221925,2614.061481682437,2614.061481682437,59771.8260352085,1867.1416128045275,41.35946,946520.2,1681,False,False,False,False,59771.8260352085,1870.3092912041186,57116.37707152861,2015-04-04 09:02:58.980072,i,21,428982,19.458758690560472,0.03397357327446661
1,0,1674.1954559080943,1674.1954559080943,2617.771806167261,2617.771806167261,5743.322075331624,2417.8802952580418,41.55663,62059.035,1681,False,False,False,False,5743.322075331624,2418.4305110108435,57116.3778241061,2015-04-04 09:04:04.002767,g,21,428984,22.002092071426098,0.4571879358419164
1,0,1671.9759972226898,1671.9759972226898,2612.4712540367304,2612.4712540367304,30849.704045130457,1829.8229647655585,41.566803,958691.1,1681,False,False,False,False,30849.704045130457,1830.627586979425,57116.39026778812,2015-04-04 09:21:59.136894,i,21,429012,20.176872494975004,0.0644278027985266
1,0,1660.8281420378385,1660.8281420378385,2607.2306329850508,2607.2306329850508,10604.4333398617,2267.214574361206,37.39053,70631.914,1681,False,False,False,False,10604.4333398617,2269.124780973776,57116.391014299574,2015-04-04 09:23:03.635483,g,21,429014,21.336281333886063,0.23232461828547077
1,0,1681.4884651274806,1681.4884651274806,2623.7259921417144,2623.7259921417144,51974.29997897757,2026.6651926287284,49.17924,864160.56,1681,False,False,False,False,51974.29997897757,2028.6851362364027,57116.40364968777,2015-04-04 09:41:15.333023,i,21,429042,19.610528378238683,0.04237896232094419
1,0,1674.2952212437601,1674.2952212437601,2627.902337377287,2627.902337377287,5472.906765136296,2375.8351969786595,48.794247,62814.37,1681,False,False,False,False,5472.906765136296,2376.2787073795935,57116.40439271189,2015-04-04 09:42:19.530307,g,21,429044,22.05445487577553,0.47141527088185675
